False_Positive_Rate,True_Positive_Rate
0.0,0.0
0.0,0.0005
0.0,0.0275
0.00014285714285714287,0.0275
0.00014285714285714287,0.0365
0.00014285714285714287,0.0375
0.00014285714285714287,0.0505
0.00028571428571428574,0.0505
0.00028571428571428574,0.0705
0.00042857142857142855,0.0705
0.00042857142857142855,0.0715
0.00042857142857142855,0.0745
0.0005714285714285715,0.0745
0.0005714285714285715,0.0835
0.0007142857142857143,0.0835
0.0007142857142857143,0.084
0.0008571428571428571,0.084
0.0008571428571428571,0.089
0.001,0.089
0.001,0.0945
0.001142857142857143,0.0945
0.001142857142857143,0.1035
0.0012857142857142856,0.1035
0.0012857142857142856,0.1055
0.0014285714285714286,0.1055
0.0014285714285714286,0.109
0.0015714285714285715,0.109
0.0015714285714285715,0.112
0.0017142857142857142,0.112
0.0017142857142857142,0.115
0.0018571428571428571,0.115
0.0018571428571428571,0.12
0.002,0.12
0.002,0.132
0.002285714285714286,0.132
0.002285714285714286,0.1365
0.0024285714285714284,0.1365
0.0024285714285714284,0.1465
0.0025714285714285713,0.1465
0.0025714285714285713,0.147
0.0027142857142857142,0.147
0.0027142857142857142,0.1475
0.002857142857142857,0.1475
0.002857142857142857,0.159
0.003,0.159
0.003,0.165
0.003142857142857143,0.165
0.003142857142857143,0.1665
0.003285714285714286,0.1665
0.003285714285714286,0.17
0.0034285714285714284,0.17
0.0034285714285714284,0.171
0.0035714285714285713,0.171
0.0035714285714285713,0.1725
0.0037142857142857142,0.1725
0.0037142857142857142,0.1745
0.003857142857142857,0.1745
0.003857142857142857,0.1845
0.004142857142857143,0.1845
0.004142857142857143,0.1885
0.004285714285714286,0.1885
0.004285714285714286,0.193
0.004428571428571428,0.193
0.004428571428571428,0.194
0.004571428571428572,0.194
0.004571428571428572,0.205
0.004714285714285714,0.205
0.004714285714285714,0.206
0.004857142857142857,0.206
0.004857142857142857,0.2065
0.005,0.2065
0.005,0.2105
0.005142857142857143,0.2105
0.005142857142857143,0.2165
0.005285714285714286,0.2165
0.005285714285714286,0.2205
0.0054285714285714284,0.2205
0.0054285714285714284,0.222
0.005571428571428572,0.222
0.005571428571428572,0.2235
0.005714285714285714,0.2235
0.005714285714285714,0.2315
0.005857142857142857,0.2315
0.005857142857142857,0.235
0.006142857142857143,0.235
0.006142857142857143,0.236
0.006285714285714286,0.236
0.006285714285714286,0.237
0.006571428571428572,0.237
0.006571428571428572,0.2385
0.006714285714285714,0.2385
0.006714285714285714,0.241
0.006857142857142857,0.241
0.006857142857142857,0.2425
0.007,0.2425
0.007,0.244
0.007142857142857143,0.244
0.007142857142857143,0.249
0.007285714285714286,0.249
0.007285714285714286,0.254
0.007571428571428572,0.254
0.007571428571428572,0.2545
0.007714285714285714,0.2545
0.007714285714285714,0.2565
0.007857142857142858,0.2565
0.007857142857142858,0.258
0.008,0.258
0.008,0.259
0.008285714285714285,0.259
0.008285714285714285,0.2615
0.00842857142857143,0.2615
0.00842857142857143,0.2625
0.008571428571428572,0.2625
0.008571428571428572,0.263
0.008714285714285714,0.263
0.008714285714285714,0.264
0.008857142857142857,0.264
0.008857142857142857,0.265
0.009,0.265
0.009,0.2665
0.009142857142857144,0.2665
0.009142857142857144,0.2725
0.009285714285714286,0.2725
0.009285714285714286,0.2745
0.009428571428571429,0.2745
0.009428571428571429,0.2785
0.009571428571428571,0.2785
0.009571428571428571,0.28
0.009714285714285713,0.28
0.009714285714285713,0.2805
0.009857142857142858,0.2805
0.009857142857142858,0.281
0.01,0.281
0.01,0.291
0.010285714285714285,0.291
0.010285714285714285,0.2915
0.01042857142857143,0.2915
0.01042857142857143,0.293
0.010571428571428572,0.293
0.010571428571428572,0.3
0.010714285714285714,0.3
0.010714285714285714,0.301
0.010857142857142857,0.301
0.010857142857142857,0.307
0.011142857142857144,0.307
0.011142857142857144,0.3085
0.011285714285714286,0.3085
0.011285714285714286,0.3125
0.011428571428571429,0.3125
0.011428571428571429,0.3165
0.011571428571428571,0.3165
0.011571428571428571,0.319
0.011714285714285714,0.319
0.011714285714285714,0.32
0.011857142857142858,0.32
0.011857142857142858,0.3205
0.012142857142857143,0.3205
0.012142857142857143,0.324
0.012285714285714285,0.324
0.012285714285714285,0.3275
0.012428571428571428,0.3275
0.012428571428571428,0.331
0.012571428571428572,0.331
0.012571428571428572,0.334
0.012714285714285714,0.334
0.012714285714285714,0.336
0.012857142857142857,0.336
0.012857142857142857,0.3375
0.013,0.3375
0.013,0.338
0.013142857142857144,0.338
0.013142857142857144,0.3385
0.013285714285714286,0.3385
0.013285714285714286,0.3415
0.014,0.3415
0.014,0.342
0.014142857142857143,0.342
0.014142857142857143,0.344
0.014285714285714285,0.344
0.014285714285714285,0.3465
0.014571428571428572,0.3465
0.014571428571428572,0.3485
0.014714285714285714,0.3485
0.014714285714285714,0.3495
0.014857142857142857,0.3495
0.014857142857142857,0.3545
0.015,0.3545
0.015,0.3555
0.015285714285714286,0.3555
0.015285714285714286,0.356
0.015571428571428571,0.356
0.015571428571428571,0.357
0.015714285714285715,0.357
0.015714285714285715,0.358
0.015857142857142858,0.358
0.015857142857142858,0.359
0.016,0.359
0.016,0.36
0.016142857142857143,0.36
0.016142857142857143,0.3605
0.01657142857142857,0.3605
0.01657142857142857,0.3615
0.016714285714285713,0.3615
0.016714285714285713,0.3645
0.01685714285714286,0.3645
0.01685714285714286,0.366
0.017285714285714286,0.366
0.017285714285714286,0.3675
0.017714285714285714,0.3675
0.017714285714285714,0.37
0.017857142857142856,0.37
0.017857142857142856,0.3705
0.018,0.3705
0.018,0.371
0.018285714285714287,0.371
0.018285714285714287,0.3735
0.018571428571428572,0.3735
0.018571428571428572,0.374
0.018714285714285715,0.374
0.018714285714285715,0.375
0.018857142857142857,0.375
0.018857142857142857,0.379
0.019,0.379
0.019,0.38
0.019142857142857142,0.38
0.019142857142857142,0.3845
0.019428571428571427,0.3845
0.019428571428571427,0.3855
0.019714285714285715,0.3855
0.019714285714285715,0.388
0.019857142857142858,0.388
0.019857142857142858,0.3895
0.020428571428571428,0.3895
0.020428571428571428,0.3905
0.02057142857142857,0.3905
0.02057142857142857,0.391
0.020714285714285713,0.391
0.020714285714285713,0.393
0.02157142857142857,0.393
0.02157142857142857,0.395
0.021857142857142856,0.395
0.021857142857142856,0.396
0.02214285714285714,0.396
0.02214285714285714,0.3965
0.022285714285714287,0.3965
0.022285714285714287,0.398
0.02242857142857143,0.398
0.02242857142857143,0.3985
0.022714285714285715,0.3985
0.022714285714285715,0.399
0.022857142857142857,0.399
0.022857142857142857,0.4025
0.023,0.4025
0.023,0.403
0.023285714285714285,0.403
0.023285714285714285,0.4035
0.023428571428571427,0.4035
0.023428571428571427,0.4045
0.023571428571428573,0.4045
0.023571428571428573,0.405
0.023714285714285716,0.405
0.023714285714285716,0.406
0.023857142857142858,0.406
0.023857142857142858,0.407
0.024,0.407
0.024,0.412
0.024142857142857143,0.412
0.024142857142857143,0.4125
0.024285714285714285,0.4125
0.024285714285714285,0.4155
0.024428571428571428,0.4155
0.024428571428571428,0.4185
0.024714285714285713,0.4185
0.024714285714285713,0.4215
0.025142857142857144,0.4215
0.025142857142857144,0.423
0.025285714285714286,0.423
0.025285714285714286,0.4255
0.02542857142857143,0.4255
0.02542857142857143,0.4265
0.025857142857142856,0.4265
0.025857142857142856,0.427
0.026,0.427
0.026,0.43
0.02614285714285714,0.43
0.02614285714285714,0.4325
0.026285714285714287,0.4325
0.026285714285714287,0.433
0.026571428571428572,0.433
0.026571428571428572,0.434
0.027142857142857142,0.434
0.027142857142857142,0.4345
0.027571428571428573,0.4345
0.027571428571428573,0.435
0.027857142857142858,0.435
0.027857142857142858,0.4365
0.028,0.4365
0.028,0.437
0.028285714285714286,0.437
0.028285714285714286,0.439
0.028428571428571428,0.439
0.028428571428571428,0.443
0.028857142857142856,0.443
0.028857142857142856,0.4455
0.029,0.4455
0.029,0.446
0.029142857142857144,0.446
0.029142857142857144,0.4465
0.029285714285714286,0.4465
0.029285714285714286,0.447
0.02957142857142857,0.447
0.02957142857142857,0.451
0.029714285714285714,0.451
0.029714285714285714,0.4515
0.029857142857142856,0.4515
0.029857142857142856,0.452
0.030285714285714287,0.452
0.030285714285714287,0.4525
0.03042857142857143,0.4525
0.03042857142857143,0.4535
0.030571428571428572,0.4535
0.030571428571428572,0.4545
0.030714285714285715,0.4545
0.030714285714285715,0.4565
0.03142857142857143,0.4565
0.03142857142857143,0.4575
0.03214285714285714,0.4575
0.03214285714285714,0.4585
0.032285714285714286,0.4585
0.032285714285714286,0.4605
0.03242857142857143,0.4605
0.03242857142857143,0.461
0.03271428571428572,0.461
0.03271428571428572,0.462
0.032857142857142856,0.462
0.032857142857142856,0.463
0.03314285714285714,0.463
0.03314285714285714,0.464
0.03328571428571429,0.464
0.03328571428571429,0.4645
0.03357142857142857,0.4645
0.03357142857142857,0.465
0.033857142857142856,0.465
0.033857142857142856,0.4655
0.03414285714285714,0.4655
0.03414285714285714,0.468
0.03428571428571429,0.468
0.03428571428571429,0.4695
0.034428571428571426,0.4695
0.034428571428571426,0.471
0.03457142857142857,0.471
0.03457142857142857,0.4715
0.03471428571428571,0.4715
0.03471428571428571,0.4765
0.03485714285714286,0.4765
0.03485714285714286,0.477
0.035,0.477
0.035,0.478
0.03542857142857143,0.478
0.03542857142857143,0.4805
0.03557142857142857,0.4805
0.03557142857142857,0.481
0.03585714285714286,0.481
0.03585714285714286,0.483
0.036,0.483
0.036,0.4835
0.03614285714285714,0.4835
0.03614285714285714,0.484
0.03628571428571428,0.484
0.03628571428571428,0.485
0.036571428571428574,0.485
0.036571428571428574,0.4855
0.03671428571428571,0.4855
0.03671428571428571,0.487
0.037,0.487
0.037,0.4875
0.03728571428571428,0.4875
0.03728571428571428,0.488
0.037714285714285714,0.488
0.037714285714285714,0.4895
0.038142857142857145,0.4895
0.038142857142857145,0.4905
0.038285714285714284,0.4905
0.038285714285714284,0.492
0.03842857142857143,0.492
0.03842857142857143,0.4955
0.03857142857142857,0.4955
0.03857142857142857,0.497
0.038857142857142854,0.497
0.038857142857142854,0.499
0.039,0.499
0.039,0.4995
0.039142857142857146,0.4995
0.039142857142857146,0.503
0.04,0.503
0.04,0.5035
0.04014285714285714,0.5035
0.04014285714285714,0.505
0.04071428571428572,0.505
0.04071428571428572,0.506
0.040857142857142856,0.506
0.040857142857142856,0.5065
0.04185714285714286,0.5065
0.04185714285714286,0.5075
0.042,0.5075
0.042,0.5105
0.04214285714285714,0.5105
0.04214285714285714,0.511
0.04228571428571429,0.511
0.04228571428571429,0.5115
0.04257142857142857,0.5115
0.04257142857142857,0.512
0.04285714285714286,0.512
0.04285714285714286,0.5125
0.04342857142857143,0.5125
0.04342857142857143,0.513
0.04357142857142857,0.513
0.04357142857142857,0.5135
0.044,0.5135
0.044,0.5145
0.04428571428571428,0.5145
0.04428571428571428,0.516
0.04442857142857143,0.516
0.04442857142857143,0.517
0.044571428571428574,0.517
0.044571428571428574,0.52
0.04471428571428571,0.52
0.04471428571428571,0.522
0.04485714285714286,0.522
0.04485714285714286,0.5225
0.045142857142857144,0.5225
0.045142857142857144,0.524
0.04528571428571428,0.524
0.04528571428571428,0.5245
0.04542857142857143,0.5245
0.04542857142857143,0.525
0.045714285714285714,0.525
0.045714285714285714,0.5255
0.04585714285714286,0.5255
0.04585714285714286,0.526
0.046,0.526
0.046,0.527
0.046285714285714284,0.527
0.046285714285714284,0.5275
0.04642857142857143,0.5275
0.04642857142857143,0.528
0.04657142857142857,0.528
0.04657142857142857,0.529
0.046857142857142854,0.529
0.046857142857142854,0.5295
0.047,0.5295
0.047,0.53
0.047142857142857146,0.53
0.047142857142857146,0.531
0.047285714285714285,0.531
0.047285714285714285,0.532
0.04742857142857143,0.532
0.04742857142857143,0.533
0.04757142857142857,0.533
0.04757142857142857,0.535
0.047857142857142855,0.535
0.047857142857142855,0.536
0.048,0.536
0.048,0.538
0.04814285714285714,0.538
0.04814285714285714,0.5385
0.048285714285714286,0.5385
0.048285714285714286,0.539
0.04857142857142857,0.539
0.04857142857142857,0.5395
0.04871428571428572,0.5395
0.04871428571428572,0.5405
0.048857142857142856,0.5405
0.048857142857142856,0.542
0.049,0.542
0.049,0.5425
0.04957142857142857,0.5425
0.04957142857142857,0.544
0.04971428571428571,0.544
0.04971428571428571,0.5445
0.04985714285714286,0.5445
0.04985714285714286,0.545
0.05028571428571429,0.545
0.05028571428571429,0.5475
0.05042857142857143,0.5475
0.05042857142857143,0.548
0.05057142857142857,0.548
0.05057142857142857,0.55
0.05071428571428571,0.55
0.05071428571428571,0.5505
0.051,0.5505
0.051,0.5515
0.05128571428571429,0.5515
0.05128571428571429,0.553
0.051571428571428574,0.553
0.051571428571428574,0.5535
0.05171428571428571,0.5535
0.05171428571428571,0.554
0.05185714285714286,0.554
0.05185714285714286,0.5545
0.052,0.5545
0.052,0.555
0.052714285714285714,0.555
0.052714285714285714,0.556
0.05285714285714286,0.556
0.05285714285714286,0.5565
0.053142857142857144,0.5565
0.053142857142857144,0.559
0.05342857142857143,0.559
0.05342857142857143,0.5595
0.05357142857142857,0.5595
0.05357142857142857,0.5605
0.053714285714285714,0.5605
0.053714285714285714,0.563
0.054,0.563
0.054,0.564
0.05442857142857143,0.564
0.05442857142857143,0.5655
0.054857142857142854,0.5655
0.054857142857142854,0.5675
0.055142857142857146,0.5675
0.055142857142857146,0.569
0.05542857142857143,0.569
0.05542857142857143,0.5725
0.055857142857142855,0.5725
0.055857142857142855,0.5735
0.056285714285714286,0.5735
0.056285714285714286,0.574
0.056428571428571425,0.574
0.056428571428571425,0.5765
0.05671428571428572,0.5765
0.05671428571428572,0.579
0.05714285714285714,0.579
0.05714285714285714,0.581
0.05728571428571429,0.581
0.05728571428571429,0.5815
0.05785714285714286,0.5815
0.05785714285714286,0.5835
0.058,0.5835
0.058,0.584
0.05842857142857143,0.584
0.05842857142857143,0.585
0.05871428571428571,0.585
0.05871428571428571,0.5865
0.059,0.5865
0.059,0.587
0.05914285714285714,0.587
0.05914285714285714,0.5925
0.05942857142857143,0.5925
0.05942857142857143,0.593
0.059571428571428574,0.593
0.059571428571428574,0.5935
0.06,0.5935
0.06,0.594
0.060142857142857144,0.594
0.060142857142857144,0.595
0.06028571428571428,0.595
0.06028571428571428,0.597
0.060714285714285714,0.597
0.060714285714285714,0.5975
0.061,0.5975
0.061,0.598
0.061142857142857145,0.598
0.061142857142857145,0.599
0.06142857142857143,0.599
0.06142857142857143,0.6
0.06157142857142857,0.6
0.06157142857142857,0.601
0.061714285714285715,0.601
0.061714285714285715,0.6025
0.06185714285714286,0.6025
0.06185714285714286,0.6035
0.062285714285714285,0.6035
0.062285714285714285,0.6055
0.06242857142857143,0.6055
0.06242857142857143,0.6065
0.06328571428571429,0.6065
0.06328571428571429,0.6075
0.06342857142857143,0.6075
0.06342857142857143,0.608
0.06357142857142857,0.608
0.06357142857142857,0.6095
0.06371428571428571,0.6095
0.06371428571428571,0.611
0.064,0.611
0.064,0.6115
0.06414285714285714,0.6115
0.06414285714285714,0.6135
0.06428571428571428,0.6135
0.06428571428571428,0.6145
0.06442857142857143,0.6145
0.06442857142857143,0.6165
0.06485714285714286,0.6165
0.06485714285714286,0.6175
0.065,0.6175
0.065,0.6185
0.06514285714285714,0.6185
0.06514285714285714,0.619
0.06528571428571428,0.619
0.06528571428571428,0.6195
0.06542857142857143,0.6195
0.06542857142857143,0.62
0.06557142857142857,0.62
0.06557142857142857,0.621
0.066,0.621
0.066,0.622
0.06642857142857143,0.622
0.06642857142857143,0.623
0.06671428571428571,0.623
0.06671428571428571,0.6235
0.06728571428571428,0.6235
0.06728571428571428,0.627
0.06742857142857143,0.627
0.06742857142857143,0.6285
0.06771428571428571,0.6285
0.06771428571428571,0.6295
0.068,0.6295
0.068,0.63
0.06814285714285714,0.63
0.06814285714285714,0.6305
0.06842857142857142,0.6305
0.06842857142857142,0.632
0.06857142857142857,0.632
0.06857142857142857,0.6345
0.06871428571428571,0.6345
0.06871428571428571,0.635
0.06885714285714285,0.635
0.06885714285714285,0.638
0.069,0.638
0.069,0.639
0.06928571428571428,0.639
0.06928571428571428,0.6395
0.06957142857142858,0.6395
0.06957142857142858,0.6405
0.06971428571428571,0.6405
0.06971428571428571,0.641
0.07,0.641
0.07,0.6425
0.07014285714285715,0.6425
0.07014285714285715,0.6445
0.07071428571428572,0.6445
0.07071428571428572,0.647
0.071,0.647
0.071,0.648
0.07114285714285715,0.648
0.07114285714285715,0.6485
0.07128571428571429,0.6485
0.07128571428571429,0.6535
0.07142857142857142,0.6535
0.07142857142857142,0.654
0.07157142857142858,0.654
0.07157142857142858,0.6555
0.072,0.6555
0.072,0.656
0.07228571428571429,0.656
0.07228571428571429,0.657
0.07257142857142856,0.657
0.07257142857142856,0.6575
0.07314285714285715,0.6575
0.07314285714285715,0.658
0.07328571428571429,0.658
0.07328571428571429,0.6605
0.07357142857142857,0.6605
0.07357142857142857,0.661
0.07385714285714286,0.661
0.07385714285714286,0.662
0.074,0.662
0.074,0.6645
0.07414285714285715,0.6645
0.07414285714285715,0.6675
0.07428571428571429,0.6675
0.07428571428571429,0.6685
0.07442857142857143,0.6685
0.07442857142857143,0.67
0.07457142857142857,0.67
0.07457142857142857,0.671
0.07485714285714286,0.671
0.07485714285714286,0.673
0.07514285714285714,0.673
0.07514285714285714,0.6735
0.07528571428571429,0.6735
0.07528571428571429,0.6755
0.07614285714285714,0.6755
0.07614285714285714,0.6765
0.07628571428571429,0.6765
0.07628571428571429,0.6775
0.07671428571428572,0.6775
0.07671428571428572,0.6785
0.07685714285714286,0.6785
0.07685714285714286,0.679
0.07714285714285714,0.679
0.07714285714285714,0.681
0.07757142857142857,0.681
0.07757142857142857,0.6815
0.07785714285714286,0.6815
0.07785714285714286,0.682
0.07828571428571429,0.682
0.07828571428571429,0.6825
0.07857142857142857,0.6825
0.07857142857142857,0.684
0.07914285714285714,0.684
0.07914285714285714,0.685
0.07928571428571428,0.685
0.07928571428571428,0.6855
0.07942857142857143,0.6855
0.07942857142857143,0.6865
0.07971428571428571,0.6865
0.07971428571428571,0.687
0.07985714285714286,0.687
0.07985714285714286,0.6875
0.08,0.6875
0.08,0.688
0.08014285714285714,0.688
0.08014285714285714,0.69
0.08085714285714286,0.69
0.08085714285714286,0.691
0.08114285714285714,0.691
0.08114285714285714,0.6915
0.08157142857142857,0.6915
0.08157142857142857,0.6925
0.08171428571428571,0.6925
0.08171428571428571,0.693
0.08185714285714285,0.693
0.08185714285714285,0.6935
0.08214285714285714,0.6935
0.08214285714285714,0.695
0.08257142857142857,0.695
0.08257142857142857,0.6975
0.08271428571428571,0.6975
0.08271428571428571,0.699
0.083,0.699
0.083,0.6995
0.08342857142857144,0.6995
0.08342857142857144,0.7005
0.08357142857142857,0.7005
0.08357142857142857,0.701
0.08428571428571428,0.701
0.08428571428571428,0.7025
0.08514285714285715,0.7025
0.08514285714285715,0.703
0.08542857142857142,0.703
0.08542857142857142,0.704
0.086,0.704
0.086,0.7045
0.08614285714285715,0.7045
0.08614285714285715,0.7065
0.08642857142857142,0.7065
0.08642857142857142,0.707
0.08685714285714285,0.707
0.08685714285714285,0.7075
0.08714285714285715,0.7075
0.08714285714285715,0.7085
0.08728571428571429,0.7085
0.08728571428571429,0.709
0.08742857142857142,0.709
0.08742857142857142,0.7095
0.08828571428571429,0.7095
0.08828571428571429,0.71
0.08842857142857143,0.71
0.08842857142857143,0.7105
0.08857142857142856,0.7105
0.08857142857142856,0.711
0.08885714285714286,0.711
0.08885714285714286,0.7115
0.089,0.7115
0.089,0.7125
0.08942857142857143,0.7125
0.08942857142857143,0.7145
0.08971428571428572,0.7145
0.08971428571428572,0.7155
0.09,0.7155
0.09,0.717
0.09014285714285715,0.717
0.09014285714285715,0.718
0.09028571428571429,0.718
0.09028571428571429,0.7185
0.09057142857142857,0.7185
0.09057142857142857,0.719
0.09085714285714286,0.719
0.09085714285714286,0.7205
0.09157142857142857,0.7205
0.09157142857142857,0.7215
0.09214285714285714,0.7215
0.09214285714285714,0.722
0.09242857142857143,0.722
0.09242857142857143,0.7225
0.093,0.7225
0.093,0.7235
0.09314285714285714,0.7235
0.09314285714285714,0.7245
0.09357142857142857,0.7245
0.09357142857142857,0.725
0.09371428571428571,0.725
0.09371428571428571,0.7255
0.09414285714285714,0.7255
0.09414285714285714,0.7285
0.09428571428571429,0.7285
0.09428571428571429,0.729
0.09471428571428571,0.729
0.09471428571428571,0.731
0.09485714285714286,0.731
0.09485714285714286,0.7315
0.095,0.7315
0.095,0.7325
0.09514285714285714,0.7325
0.09514285714285714,0.733
0.09542857142857143,0.733
0.09542857142857143,0.7335
0.09557142857142857,0.7335
0.09557142857142857,0.737
0.09571428571428571,0.737
0.09571428571428571,0.7385
0.096,0.7385
0.096,0.739
0.09671428571428571,0.739
0.09671428571428571,0.7395
0.097,0.7395
0.097,0.7405
0.09785714285714285,0.7405
0.09785714285714285,0.741
0.098,0.741
0.098,0.7415
0.09842857142857143,0.7415
0.09842857142857143,0.742
0.09857142857142857,0.742
0.09857142857142857,0.7425
0.09971428571428571,0.7425
0.09971428571428571,0.7435
0.10028571428571428,0.7435
0.10028571428571428,0.744
0.10057142857142858,0.744
0.10057142857142858,0.746
0.10085714285714285,0.746
0.10085714285714285,0.7465
0.10114285714285715,0.7465
0.10114285714285715,0.7475
0.10171428571428572,0.7475
0.10171428571428572,0.748
0.10214285714285715,0.748
0.10214285714285715,0.7485
0.10242857142857142,0.7485
0.10242857142857142,0.749
0.10257142857142858,0.749
0.10257142857142858,0.7495
0.10271428571428572,0.7495
0.10271428571428572,0.75
0.10285714285714286,0.75
0.10285714285714286,0.7515
0.10328571428571429,0.7515
0.10328571428571429,0.753
0.10414285714285715,0.753
0.10414285714285715,0.7545
0.10428571428571429,0.7545
0.10428571428571429,0.756
0.10471428571428572,0.756
0.10471428571428572,0.7565
0.10485714285714286,0.7565
0.10485714285714286,0.7575
0.105,0.7575
0.105,0.7585
0.10528571428571429,0.7585
0.10528571428571429,0.759
0.10557142857142857,0.759
0.10557142857142857,0.7595
0.10571428571428572,0.7595
0.10571428571428572,0.7605
0.10628571428571429,0.7605
0.10628571428571429,0.762
0.10642857142857143,0.762
0.10642857142857143,0.763
0.10657142857142857,0.763
0.10657142857142857,0.7635
0.10685714285714286,0.7635
0.10685714285714286,0.765
0.107,0.765
0.107,0.7655
0.10728571428571429,0.7655
0.10728571428571429,0.7665
0.10742857142857143,0.7665
0.10742857142857143,0.767
0.10757142857142857,0.767
0.10757142857142857,0.768
0.10842857142857143,0.768
0.10842857142857143,0.771
0.10871428571428571,0.771
0.10871428571428571,0.7715
0.10885714285714286,0.7715
0.10885714285714286,0.772
0.109,0.772
0.109,0.774
0.10914285714285714,0.774
0.10914285714285714,0.775
0.10957142857142857,0.775
0.10957142857142857,0.776
0.10971428571428571,0.776
0.10971428571428571,0.777
0.10985714285714286,0.777
0.10985714285714286,0.778
0.11,0.778
0.11,0.7785
0.11028571428571429,0.7785
0.11028571428571429,0.78
0.11042857142857143,0.78
0.11042857142857143,0.7805
0.11142857142857143,0.7805
0.11142857142857143,0.781
0.11171428571428571,0.781
0.11171428571428571,0.7825
0.112,0.7825
0.112,0.783
0.11214285714285714,0.783
0.11214285714285714,0.7835
0.11242857142857143,0.7835
0.11242857142857143,0.784
0.11257142857142857,0.784
0.11257142857142857,0.7845
0.11271428571428571,0.7845
0.11271428571428571,0.785
0.113,0.785
0.113,0.7865
0.11328571428571428,0.7865
0.11328571428571428,0.787
0.11371428571428571,0.787
0.11371428571428571,0.788
0.114,0.788
0.114,0.7885
0.11457142857142857,0.7885
0.11457142857142857,0.7895
0.115,0.7895
0.115,0.79
0.11514285714285714,0.79
0.11514285714285714,0.791
0.11585714285714285,0.791
0.11585714285714285,0.7915
0.11614285714285714,0.7915
0.11614285714285714,0.792
0.11642857142857142,0.792
0.11642857142857142,0.7925
0.11657142857142858,0.7925
0.11657142857142858,0.794
0.117,0.794
0.117,0.795
0.11742857142857142,0.795
0.11742857142857142,0.7955
0.11757142857142858,0.7955
0.11757142857142858,0.796
0.11771428571428572,0.796
0.11771428571428572,0.7965
0.11828571428571429,0.7965
0.11828571428571429,0.797
0.11842857142857142,0.797
0.11842857142857142,0.7985
0.11857142857142858,0.7985
0.11857142857142858,0.799
0.11871428571428572,0.799
0.11871428571428572,0.7995
0.119,0.7995
0.119,0.8
0.11914285714285715,0.8
0.11914285714285715,0.8005
0.11957142857142856,0.8005
0.11957142857142856,0.8015
0.12,0.8015
0.12,0.802
0.12057142857142857,0.802
0.12057142857142857,0.8045
0.12114285714285715,0.8045
0.12114285714285715,0.805
0.12128571428571429,0.805
0.12128571428571429,0.8055
0.12142857142857143,0.8055
0.12142857142857143,0.806
0.12157142857142857,0.806
0.12157142857142857,0.8065
0.12171428571428572,0.8065
0.12171428571428572,0.807
0.12185714285714286,0.807
0.12185714285714286,0.8075
0.12257142857142857,0.8075
0.12257142857142857,0.808
0.12314285714285714,0.808
0.12314285714285714,0.8085
0.12342857142857143,0.8085
0.12342857142857143,0.809
0.12385714285714286,0.809
0.12385714285714286,0.8095
0.124,0.8095
0.124,0.81
0.12428571428571429,0.81
0.12428571428571429,0.8105
0.12485714285714286,0.8105
0.12485714285714286,0.811
0.12514285714285714,0.811
0.12514285714285714,0.8115
0.12571428571428572,0.8115
0.12571428571428572,0.813
0.126,0.813
0.126,0.8135
0.12657142857142858,0.8135
0.12657142857142858,0.814
0.12685714285714286,0.814
0.12685714285714286,0.8155
0.127,0.8155
0.127,0.816
0.12771428571428572,0.816
0.12771428571428572,0.818
0.12785714285714286,0.818
0.12785714285714286,0.8185
0.12857142857142856,0.8185
0.12857142857142856,0.819
0.12885714285714286,0.819
0.12885714285714286,0.82
0.12928571428571428,0.82
0.12928571428571428,0.8205
0.12942857142857142,0.8205
0.12942857142857142,0.8225
0.12957142857142856,0.8225
0.12957142857142856,0.823
0.13085714285714287,0.823
0.13085714285714287,0.8235
0.13114285714285714,0.8235
0.13114285714285714,0.824
0.13128571428571428,0.824
0.13128571428571428,0.8255
0.13185714285714287,0.8255
0.13185714285714287,0.8265
0.13214285714285715,0.8265
0.13214285714285715,0.8275
0.13228571428571428,0.8275
0.13228571428571428,0.828
0.13242857142857142,0.828
0.13242857142857142,0.8285
0.13257142857142856,0.8285
0.13257142857142856,0.829
0.1327142857142857,0.829
0.1327142857142857,0.8295
0.13285714285714287,0.8295
0.13285714285714287,0.83
0.133,0.83
0.133,0.8305
0.13314285714285715,0.8305
0.13314285714285715,0.833
0.13328571428571429,0.833
0.13328571428571429,0.8335
0.13342857142857142,0.8335
0.13342857142857142,0.834
0.13385714285714287,0.834
0.13385714285714287,0.8345
0.13414285714285715,0.8345
0.13414285714285715,0.835
0.13428571428571429,0.835
0.13428571428571429,0.8355
0.1347142857142857,0.8355
0.1347142857142857,0.837
0.1352857142857143,0.837
0.1352857142857143,0.8385
0.1357142857142857,0.8385
0.1357142857142857,0.839
0.13614285714285715,0.839
0.13614285714285715,0.8395
0.1362857142857143,0.8395
0.1362857142857143,0.8415
0.13642857142857143,0.8415
0.13642857142857143,0.842
0.13657142857142857,0.842
0.13657142857142857,0.843
0.1367142857142857,0.843
0.1367142857142857,0.844
0.13714285714285715,0.844
0.13714285714285715,0.845
0.1382857142857143,0.845
0.1382857142857143,0.8455
0.13842857142857143,0.8455
0.13842857142857143,0.8465
0.13857142857142857,0.8465
0.13857142857142857,0.847
0.1387142857142857,0.847
0.1387142857142857,0.8475
0.13885714285714285,0.8475
0.13885714285714285,0.848
0.139,0.848
0.139,0.849
0.13914285714285715,0.849
0.13914285714285715,0.8495
0.13942857142857143,0.8495
0.13942857142857143,0.8505
0.14,0.8505
0.14,0.852
0.14014285714285715,0.852
0.14014285714285715,0.8525
0.1407142857142857,0.8525
0.1407142857142857,0.853
0.14142857142857143,0.853
0.14142857142857143,0.854
0.14157142857142857,0.854
0.14157142857142857,0.8555
0.14185714285714285,0.8555
0.14185714285714285,0.856
0.14285714285714285,0.856
0.14285714285714285,0.8565
0.143,0.8565
0.143,0.857
0.14342857142857143,0.857
0.14342857142857143,0.8575
0.14357142857142857,0.8575
0.14357142857142857,0.858
0.1437142857142857,0.858
0.1437142857142857,0.8585
0.14457142857142857,0.8585
0.14457142857142857,0.8595
0.1447142857142857,0.8595
0.1447142857142857,0.86
0.14485714285714285,0.86
0.14485714285714285,0.861
0.14557142857142857,0.861
0.14557142857142857,0.8615
0.14585714285714285,0.8615
0.14585714285714285,0.862
0.14657142857142857,0.862
0.14657142857142857,0.8625
0.14685714285714285,0.8625
0.14685714285714285,0.863
0.147,0.863
0.147,0.8635
0.14714285714285713,0.8635
0.14714285714285713,0.864
0.14771428571428571,0.864
0.14771428571428571,0.8645
0.14785714285714285,0.8645
0.14785714285714285,0.865
0.14814285714285713,0.865
0.14814285714285713,0.8655
0.14842857142857144,0.8655
0.14842857142857144,0.8665
0.14857142857142858,0.8665
0.14857142857142858,0.868
0.14914285714285713,0.868
0.14914285714285713,0.8685
0.15014285714285713,0.8685
0.15014285714285713,0.8695
0.15085714285714286,0.8695
0.15085714285714286,0.87
0.15114285714285713,0.87
0.15114285714285713,0.8705
0.15157142857142858,0.8705
0.15157142857142858,0.871
0.15185714285714286,0.871
0.15185714285714286,0.8715
0.152,0.8715
0.152,0.872
0.15214285714285714,0.872
0.15214285714285714,0.8725
0.15257142857142858,0.8725
0.15257142857142858,0.8735
0.15328571428571428,0.8735
0.15328571428571428,0.8745
0.15414285714285714,0.8745
0.15414285714285714,0.8755
0.15457142857142858,0.8755
0.15457142857142858,0.876
0.15471428571428572,0.876
0.15471428571428572,0.8765
0.155,0.8765
0.155,0.877
0.15528571428571428,0.877
0.15528571428571428,0.8785
0.15571428571428572,0.8785
0.15571428571428572,0.879
0.15642857142857142,0.879
0.15642857142857142,0.8795
0.15671428571428572,0.8795
0.15671428571428572,0.88
0.15714285714285714,0.88
0.15714285714285714,0.881
0.15771428571428572,0.881
0.15771428571428572,0.8815
0.158,0.8815
0.158,0.8825
0.15914285714285714,0.8825
0.15914285714285714,0.883
0.15971428571428573,0.883
0.15971428571428573,0.884
0.16028571428571428,0.884
0.16028571428571428,0.885
0.16057142857142856,0.885
0.16057142857142856,0.8855
0.16071428571428573,0.8855
0.16071428571428573,0.886
0.16114285714285714,0.886
0.16114285714285714,0.887
0.16185714285714287,0.887
0.16185714285714287,0.8875
0.16228571428571428,0.8875
0.16228571428571428,0.888
0.16328571428571428,0.888
0.16328571428571428,0.8905
0.16357142857142856,0.8905
0.16357142857142856,0.891
0.164,0.891
0.164,0.8915
0.16414285714285715,0.8915
0.16414285714285715,0.892
0.16428571428571428,0.892
0.16428571428571428,0.8925
0.16485714285714287,0.8925
0.16485714285714287,0.893
0.165,0.893
0.165,0.8935
0.16528571428571429,0.8935
0.16528571428571429,0.8945
0.16542857142857142,0.8945
0.16542857142857142,0.895
0.1657142857142857,0.895
0.1657142857142857,0.8955
0.16614285714285715,0.8955
0.16614285714285715,0.896
0.1662857142857143,0.896
0.1662857142857143,0.8965
0.16642857142857143,0.8965
0.16642857142857143,0.8975
0.167,0.8975
0.167,0.898
0.16757142857142857,0.898
0.16757142857142857,0.8985
0.1677142857142857,0.8985
0.1677142857142857,0.899
0.16814285714285715,0.899
0.16814285714285715,0.9005
0.16857142857142857,0.9005
0.16857142857142857,0.9015
0.16885714285714284,0.9015
0.16885714285714284,0.902
0.1692857142857143,0.902
0.1692857142857143,0.9025
0.16957142857142857,0.9025
0.16957142857142857,0.903
0.17014285714285715,0.903
0.17014285714285715,0.9035
0.1702857142857143,0.9035
0.1702857142857143,0.904
0.17042857142857143,0.904
0.17042857142857143,0.905
0.17114285714285715,0.905
0.17114285714285715,0.906
0.17314285714285715,0.906
0.17314285714285715,0.9065
0.17342857142857143,0.9065
0.17342857142857143,0.908
0.17357142857142857,0.908
0.17357142857142857,0.9085
0.1737142857142857,0.9085
0.1737142857142857,0.91
0.17457142857142857,0.91
0.17457142857142857,0.911
0.1752857142857143,0.911
0.1752857142857143,0.9115
0.1762857142857143,0.9115
0.1762857142857143,0.913
0.177,0.913
0.177,0.9135
0.17871428571428571,0.9135
0.17871428571428571,0.914
0.1792857142857143,0.914
0.1792857142857143,0.9145
0.17957142857142858,0.9145
0.17957142857142858,0.915
0.18071428571428572,0.915
0.18071428571428572,0.9155
0.18242857142857144,0.9155
0.18242857142857144,0.916
0.183,0.916
0.183,0.9165
0.18342857142857144,0.9165
0.18342857142857144,0.917
0.18357142857142858,0.917
0.18357142857142858,0.9175
0.184,0.9175
0.184,0.918
0.18457142857142858,0.918
0.18457142857142858,0.9185
0.18628571428571428,0.9185
0.18628571428571428,0.919
0.18671428571428572,0.919
0.18671428571428572,0.9195
0.187,0.9195
0.187,0.92
0.18757142857142858,0.92
0.18757142857142858,0.921
0.18771428571428572,0.921
0.18771428571428572,0.9215
0.18814285714285714,0.9215
0.18814285714285714,0.922
0.18942857142857142,0.922
0.18942857142857142,0.9225
0.19028571428571428,0.9225
0.19028571428571428,0.923
0.19057142857142856,0.923
0.19057142857142856,0.924
0.19114285714285714,0.924
0.19114285714285714,0.9255
0.19142857142857142,0.9255
0.19142857142857142,0.926
0.19157142857142856,0.926
0.19157142857142856,0.9265
0.19171428571428573,0.9265
0.19171428571428573,0.927
0.19214285714285714,0.927
0.19214285714285714,0.9275
0.19257142857142856,0.9275
0.19257142857142856,0.928
0.19271428571428573,0.928
0.19271428571428573,0.9285
0.19428571428571428,0.9285
0.19428571428571428,0.929
0.19442857142857142,0.929
0.19442857142857142,0.9295
0.19485714285714287,0.9295
0.19485714285714287,0.93
0.19514285714285715,0.93
0.19514285714285715,0.9305
0.19628571428571429,0.9305
0.19628571428571429,0.931
0.19642857142857142,0.931
0.19642857142857142,0.9315
0.19657142857142856,0.9315
0.19657142857142856,0.932
0.197,0.932
0.197,0.9325
0.199,0.9325
0.199,0.933
0.19914285714285715,0.933
0.19914285714285715,0.9335
0.2,0.9335
0.2,0.934
0.20014285714285715,0.934
0.20014285714285715,0.9345
0.2027142857142857,0.9345
0.2027142857142857,0.935
0.203,0.935
0.203,0.9355
0.20542857142857143,0.9355
0.20542857142857143,0.936
0.20642857142857143,0.936
0.20642857142857143,0.9365
0.20685714285714285,0.9365
0.20685714285714285,0.9375
0.20714285714285716,0.9375
0.20714285714285716,0.938
0.20814285714285713,0.938
0.20814285714285713,0.9385
0.20842857142857144,0.9385
0.20842857142857144,0.939
0.20971428571428571,0.939
0.20971428571428571,0.9395
0.21014285714285713,0.9395
0.21014285714285713,0.9415
0.2112857142857143,0.9415
0.2112857142857143,0.942
0.21142857142857144,0.942
0.21142857142857144,0.9425
0.21157142857142858,0.9425
0.21157142857142858,0.943
0.21171428571428572,0.943
0.21171428571428572,0.9435
0.21185714285714285,0.9435
0.21185714285714285,0.9455
0.21342857142857144,0.9455
0.21342857142857144,0.9465
0.21385714285714286,0.9465
0.21385714285714286,0.947
0.21428571428571427,0.947
0.21428571428571427,0.9475
0.21442857142857144,0.9475
0.21442857142857144,0.948
0.21471428571428572,0.948
0.21471428571428572,0.9485
0.21485714285714286,0.9485
0.21485714285714286,0.949
0.21571428571428572,0.949
0.21571428571428572,0.9495
0.21657142857142858,0.9495
0.21657142857142858,0.9505
0.21671428571428572,0.9505
0.21671428571428572,0.951
0.21685714285714286,0.951
0.21685714285714286,0.9525
0.21785714285714286,0.9525
0.21785714285714286,0.9535
0.218,0.9535
0.218,0.9555
0.21842857142857142,0.9555
0.21842857142857142,0.9565
0.21871428571428572,0.9565
0.21871428571428572,0.957
0.22,0.957
0.22,0.9575
0.22185714285714286,0.9575
0.22185714285714286,0.958
0.22228571428571428,0.958
0.22228571428571428,0.9585
0.22271428571428573,0.9585
0.22271428571428573,0.959
0.22414285714285714,0.959
0.22414285714285714,0.9595
0.226,0.9595
0.226,0.96
0.22614285714285715,0.96
0.22614285714285715,0.961
0.22628571428571428,0.961
0.22628571428571428,0.9615
0.228,0.9615
0.228,0.962
0.2282857142857143,0.962
0.2282857142857143,0.9625
0.22842857142857143,0.9625
0.22842857142857143,0.963
0.22885714285714287,0.963
0.22885714285714287,0.9635
0.23142857142857143,0.9635
0.23142857142857143,0.964
0.2322857142857143,0.964
0.2322857142857143,0.965
0.2327142857142857,0.965
0.2327142857142857,0.9665
0.2332857142857143,0.9665
0.2332857142857143,0.967
0.23414285714285715,0.967
0.23414285714285715,0.9675
0.23442857142857143,0.9675
0.23442857142857143,0.968
0.2357142857142857,0.968
0.2357142857142857,0.969
0.23614285714285715,0.969
0.23614285714285715,0.97
0.23757142857142857,0.97
0.23757142857142857,0.9705
0.239,0.9705
0.239,0.9715
0.24042857142857144,0.9715
0.24042857142857144,0.972
0.24071428571428571,0.972
0.24071428571428571,0.9725
0.24257142857142858,0.9725
0.24257142857142858,0.973
0.243,0.973
0.243,0.9735
0.24428571428571427,0.9735
0.24428571428571427,0.974
0.24457142857142858,0.974
0.24457142857142858,0.9745
0.24528571428571427,0.9745
0.24528571428571427,0.975
0.24642857142857144,0.975
0.24642857142857144,0.9755
0.24814285714285714,0.9755
0.24814285714285714,0.9765
0.24942857142857142,0.9765
0.24942857142857142,0.977
0.25442857142857145,0.977
0.25442857142857145,0.9775
0.2561428571428571,0.9775
0.2561428571428571,0.978
0.25685714285714284,0.978
0.25685714285714284,0.9785
0.25757142857142856,0.9785
0.25757142857142856,0.9795
0.258,0.9795
0.258,0.98
0.25942857142857145,0.98
0.25942857142857145,0.9805
0.25971428571428573,0.9805
0.25971428571428573,0.981
0.2602857142857143,0.981
0.2602857142857143,0.9815
0.26042857142857145,0.9815
0.26042857142857145,0.982
0.261,0.982
0.261,0.9825
0.26142857142857145,0.9825
0.26142857142857145,0.983
0.26157142857142857,0.983
0.26157142857142857,0.984
0.2694285714285714,0.984
0.2694285714285714,0.985
0.271,0.985
0.271,0.9855
0.2725714285714286,0.9855
0.2725714285714286,0.986
0.2727142857142857,0.986
0.2727142857142857,0.9865
0.277,0.9865
0.277,0.987
0.2775714285714286,0.987
0.2775714285714286,0.9875
0.2795714285714286,0.9875
0.2795714285714286,0.988
0.28385714285714286,0.988
0.28385714285714286,0.989
0.2867142857142857,0.989
0.2867142857142857,0.9895
0.2882857142857143,0.9895
0.2882857142857143,0.99
0.2897142857142857,0.99
0.2897142857142857,0.9905
0.29028571428571426,0.9905
0.29028571428571426,0.991
0.29228571428571426,0.991
0.29228571428571426,0.9915
0.29428571428571426,0.9915
0.29428571428571426,0.992
0.29628571428571426,0.992
0.29628571428571426,0.9925
0.3027142857142857,0.9925
0.3027142857142857,0.993
0.304,0.993
0.304,0.9935
0.30457142857142855,0.9935
0.30457142857142855,0.994
0.3087142857142857,0.994
0.3087142857142857,0.9945
0.3097142857142857,0.9945
0.3097142857142857,0.995
0.31457142857142856,0.995
0.31457142857142856,0.9955
0.3157142857142857,0.9955
0.3157142857142857,0.996
0.31742857142857145,0.996
0.31742857142857145,0.9965
0.31857142857142856,0.9965
0.31857142857142856,0.997
0.32457142857142857,0.997
0.32457142857142857,0.9975
0.32685714285714285,0.9975
0.32685714285714285,0.998
0.33185714285714285,0.998
0.33185714285714285,0.9985
0.33314285714285713,0.9985
0.33314285714285713,0.999
0.336,0.999
0.336,0.9995
0.3377142857142857,0.9995
0.3377142857142857,1.0
0.43157142857142855,1.0
0.4318571428571429,1.0
0.496,1.0
0.4962857142857143,1.0
0.8147142857142857,1.0
0.815,1.0
0.847,1.0
0.8472857142857143,1.0
0.8808571428571429,1.0
0.8811428571428571,1.0
0.9175714285714286,1.0
0.9178571428571428,1.0
1.0,1.0
